Emp ID,First Name,Last Name,DOB,SSN,State
232,John,Mathews,02/24/1991,***-**-9165,ND
533,Nathan,Moore,11/19/1978,***-**-7469,ME
256,Amanda,Douglas,01/08/1990,***-**-6961,ID
189,Heather,Andrews,08/11/1976,***-**-1797,VT
284,Daniel,Hernandez,07/22/1976,***-**-7473,CO
512,Danny,Pena,01/31/1978,***-**-9878,MN
126,Gary,Knight,03/08/1994,***-**-1242,AR
556,Robin,Carroll,10/14/1972,***-**-7194,CA
595,Michelle,Dickerson,02/08/1984,***-**-2817,TN
191,Kimberly,Gallegos,08/05/1972,***-**-7563,OR
55,Morgan,Parker,01/30/1986,***-**-4320,MD
623,Mason,Rhodes,01/28/1977,***-**-4767,MA
426,Amy,Griffin,02/18/1973,***-**-1946,KY
535,Danielle,House,04/16/1975,***-**-9308,LA
399,Charles,Greene,11/28/1992,***-**-2935,RI
33,Nicholas,Martinez,04/05/1979,***-**-1689,MT
302,Tracey,Meadows,01/12/1988,***-**-6175,PA
325,Renee,Evans,03/14/1991,***-**-2708,AL
188,Joseph,Estrada,03/29/1984,***-**-2571,VA
184,Jeremy,Warner,10/20/1987,***-**-1184,SD
526,Anthony,Rodriguez,02/09/1983,***-**-3865,UT
85,Kristen,Lopez,01/02/1978,***-**-8194,WY
171,Mark,Mcdonald,06/27/1984,***-**-0101,WI
74,Robert,Freeman,01/01/1984,***-**-5211,NM
69,Michael,Reynolds,10/30/1994,***-**-8507,NC
365,Kristine,Little,07/10/1974,***-**-1771,SC
149,April,Barnes,02/15/1983,***-**-3288,MI
218,Pamela,Hodges,02/19/1989,***-**-1423,CT
647,Ronald,Gilbert,05/26/1974,***-**-4448,HI
518,Thomas,Cooper,08/17/1972,***-**-9890,KS
12,Dakota,Harrington,08/24/1972,***-**-7188,NY
622,Jennifer,Porter,01/20/1991,***-**-5572,MO
159,Beverly,Jordan,08/15/1986,***-**-3762,MS
394,Mark,Brown,04/02/1975,***-**-8531,WA
158,Amy,Ford,06/05/1974,***-**-6461,TX
446,Benjamin,King,05/07/1973,***-**-8165,AK
352,Stephen,Bryant,05/15/1991,***-**-6488,FL
598,Brandi,Williams,10/15/1989,***-**-8500,NE
505,Ashley,Hutchinson,04/26/1994,***-**-1510,DE
173,Alisha,Pacheco,01/13/1982,***-**-2496,IL
84,Robert,Campbell,02/27/1973,***-**-9581,OH
406,Sandra,Sanders,10/06/1980,***-**-1673,WV
164,Katherine,Hensley,05/29/1991,***-**-7226,NH
267,Stacy,Cox,11/08/1976,***-**-0990,NJ
503,Frank,Barton,06/10/1993,***-**-5568,IA
295,Shannon,Kramer,05/04/1980,***-**-7615,GA
590,Brenda,James,12/31/1977,***-**-3251,NV
97,Paula,Edwards,08/10/1988,***-**-0638,AZ
3,Jennifer,Rowe,09/16/1980,***-**-9014,OK
20,David,Foster,01/09/1990,***-**-6956,IN
